Feature,Coefficient
num__POS_POS_IS_LATE_MEAN,1.7739014542262437
num__FLAG_DOCUMENT_2,1.414243402615178
num__EXT_SOURCE_1,-1.3464589139048062
cat__NAME_EDUCATION_TYPE_Academic_degree,-1.229740819395388
num__AMT_CREDIT,1.163684460860663
num__AMT_GOODS_PRICE,-1.0575929192993494
num__FLAG_DOCUMENT_17,-0.9789147640881767
num__FLAG_DOCUMENT_15,-0.8335208507441186
cat__NAME_INCOME_TYPE_Pensioner,-0.80329431722065
num__FLAG_DOCUMENT_13,-0.7880826436788336
cat__ORGANIZATION_TYPE_Realtor,0.7665100697988533
cat__ORGANIZATION_TYPE_Trade__type_4,-0.7105117451177028
cat__NAME_INCOME_TYPE_Unemployed,0.7006024517062296
cat__ORGANIZATION_TYPE_Legal_Services,0.6580530886325573
num__missingindicator_AMT_GOODS_PRICE,0.6381257537956968
num__FLAG_EMP_PHONE,-0.6303309084712101
cat__ORGANIZATION_TYPE_Trade__type_5,-0.6048378885780064
cat__NAME_INCOME_TYPE_Student,-0.6007865296572001
num__CLIENT_CARD_CC_UTILIZATION_MAX_MAX,0.5760832283418349
num__NONLIVINGAPARTMENTS_MEDI,0.5566601319152001
num__FLAG_DOCUMENT_14,-0.5294867120910441
cat__ORGANIZATION_TYPE_Transport__type_3,0.5261892608271983
num__EXT_SOURCE_2,-0.522727959952174
num__missingindicator_PREV_APPLICATION_CREDIT_RATIO_MEAN,-0.49090888947628053
num__missingindicator_PREV_APPLICATION_CREDIT_RATIO_MAX,-0.49090888947628053
num__ENTRANCES_MEDI,-0.48955028302801284
num__LIVINGAPARTMENTS_MEDI,0.48581548845008354
num__FLAG_DOCUMENT_18,-0.46964131868774744
cat__ORGANIZATION_TYPE_Industry__type_12,-0.46947570865438093
num__FLAG_DOCUMENT_3,0.46404450415423776
num__FLOORSMAX_MEDI,-0.4619884917257525
num__POS_CNT_INSTALMENT_MEAN,-0.461538208497422
num__EXT_SOURCE_3,-0.45118766892318746
num__FLAG_DOCUMENT_4,-0.4498529852601616
num__FLAG_DOCUMENT_16,-0.4470545324896043
num__CLIENT_SK_ID_PREV_COUNT,0.43913203099552484
num__missingindicator_AMT_ANNUITY,-0.43822292926597833
num__FLAG_DOCUMENT_6,0.437524263540626
num__missingindicator_EXT_SOURCE_2,0.4345862403159898
num__POS_CNT_INSTALMENT_FUTURE_MEAN,0.41115425692772084
num__FLAG_DOCUMENT_5,0.4103840879189648
cat__NAME_EDUCATION_TYPE_Lower_secondary,0.40830784299869616
cat__ORGANIZATION_TYPE_Military,-0.40777721011961277
cat__ORGANIZATION_TYPE_Transport__type_1,-0.3713595367163554
num__BUREAU_BUREAU_BAL_STATUS_SEVERE_DPD_MAX_MEAN,-0.36999450104518616
cat__ORGANIZATION_TYPE_Industry__type_6,-0.3559338065323677
num__CLIENT_CARD_CC_UTILIZATION_MEAN_MEAN,0.31980020370871337
cat__NAME_EDUCATION_TYPE_Secondary_/_secondary_special,0.3172904550753179
num__FLAG_DOCUMENT_20,0.3042263902277502
cat__ORGANIZATION_TYPE_Hotel,-0.3028221346890681
cat__ORGANIZATION_TYPE_Trade__type_6,-0.2997064730322706
num__ELEVATORS_MEDI,-0.2870016010774524
cat__ORGANIZATION_TYPE_Industry__type_9,-0.2865477406165314
num__POS_MONTHS_BALANCE_SIZE,0.2847662544399047
cat__NAME_INCOME_TYPE_Working,0.28204797665643405
num__REG_REGION_NOT_LIVE_REGION,-0.2798393226402321
cat__FLAG_OWN_CAR_Y,-0.278692342578514
cat__CODE_GENDER_F,-0.2740773205690427
num__POS_POS_IS_ACTIVE_SUM,-0.27399277125846805
num__FLAG_DOCUMENT_8,0.2731421065234484
num__PREV_HAS_DISBURSEMENT_INFO_MEAN,0.26524227705128306
cat__NAME_CONTRACT_TYPE_Cash_loans,-0.26190201492273785
num__CLIENT_INST_LOAN_PAYMENT_FRACTION_MIN_MIN,-0.2578116722184739
num__REGION_RATING_CLIENT_W_CITY,0.25765816827860083
cat__ORGANIZATION_TYPE_Trade__type_2,-0.2554251181927372
cat__ORGANIZATION_TYPE_Construction,0.2542666398198947
num__YEARS_BUILD_MEDI,-0.2516093917824374
num__FLAG_CONT_MOBILE,-0.250410201825197
cat__OCCUPATION_TYPE_Low-skill_Laborers,0.24901948895840575
cat__NAME_HOUSING_TYPE_Office_apartment,-0.24137528301954914
num__BUREAU_BUREAU_BAL_STATUS_NUMERIC_MEAN_MEAN,0.23976473504819096
cat__ORGANIZATION_TYPE_Security_Ministries,-0.23841465265683487
num__missingindicator_POS_CNT_INSTALMENT_MEAN,0.2382972934387324
num__missingindicator_POS_CNT_INSTALMENT_MAX,0.2382972934387324
num__missingindicator_POS_CNT_INSTALMENT_FUTURE_MEAN,0.2382972934387324
cat__ORGANIZATION_TYPE_Police,-0.23726657490481498
num__FLAG_DOCUMENT_7,0.2366384577158252
num__BUREAU_DEBT_CREDIT_RATIO,0.22766029925064343
cat__NAME_INCOME_TYPE_Businessman,-0.22701515530119623
cat__ORGANIZATION_TYPE_Advertising,0.22395370921287555
num__LIVINGAREA_MEDI,0.22323617280020178
num__FLAG_DOCUMENT_21,0.2228128332756821
cat__ORGANIZATION_TYPE_Industry__type_8,0.22187295890145586
cat__OCCUPATION_TYPE_IT_staff,-0.21860506931963286
num__BASEMENTAREA_MEDI,0.21831913678018655
cat__ORGANIZATION_TYPE_Bank,-0.21159094109549087
cat__NAME_INCOME_TYPE_Commercial_associate,0.20991436237027808
num__REG_CITY_NOT_LIVE_CITY,0.20827941092130323
cat__NAME_TYPE_SUITE_missing,-0.2064598775210937
cat__missingindicator_NAME_TYPE_SUITE_True,-0.2064598775210937
num__missingindicator_EXT_SOURCE_1,0.19473073115341924
num__BUREAU_BUREAU_BAL_STATUS_NUMERIC_MAX_MEAN,0.19073624432363373
num__AMT_ANNUITY,0.18976974981849115
cat__missingindicator_OCCUPATION_TYPE_False,-0.18939938325252534
num__LIVE_REGION_NOT_WORK_REGION,-0.18013890202018717
cat__NAME_INCOME_TYPE_State_servant,0.17778253545975278
cat__ORGANIZATION_TYPE_Mobile,0.17749349214138574
cat__NAME_FAMILY_STATUS_Married,-0.17424777133972688
cat__ORGANIZATION_TYPE_Telecom,0.17416624477181133
cat__ORGANIZATION_TYPE_Industry__type_5,-0.17271768935031134
num__AMT_REQ_CREDIT_BUREAU_DAY,0.17068657425954098
cat__ORGANIZATION_TYPE_Self-employed,0.16565506781788425
num__POS_CNT_INSTALMENT_MAX,0.16367129051804175
num__CLIENT_INST_LOAN_IS_MISSED_PAYMENT_SUM_SUM,0.15996799869187622
cat__ORGANIZATION_TYPE_Restaurant,0.1597211660063315
cat__ORGANIZATION_TYPE_Trade__type_3,0.15940975317610812
cat__OCCUPATION_TYPE_Accountants,-0.15868028890970504
cat__ORGANIZATION_TYPE_Industry__type_3,0.15691853655053328
cat__FLAG_OWN_REALTY_N,-0.15690902696113382
num__FLAG_DOCUMENT_9,0.15591890343365744
num__missingindicator_BUREAU_AMT_CREDIT_SUM_DEBT_MEAN,0.1541437340482344
cat__FLAG_OWN_REALTY_Y,-0.15351408795912425
num__missingindicator_BUREAU_ACTIVE_DEBT_RATIO,0.15319354334841412
cat__ORGANIZATION_TYPE_Industry__type_1,0.15297591559586649
num__FLAG_WORK_PHONE,0.14735816777171407
cat__ORGANIZATION_TYPE_School,-0.14542007271228924
cat__ORGANIZATION_TYPE_Industry__type_4,0.14244076364057598
num__OBS_30_CNT_SOCIAL_CIRCLE,0.14084515254284247
cat__ORGANIZATION_TYPE_Insurance,-0.139184718929473
num__OBS_60_CNT_SOCIAL_CIRCLE,-0.13910944290088262
num__BUREAU_HAS_BEEN_OVERDUE_MAX,0.13748266054418806
cat__ORGANIZATION_TYPE_XNA,0.13747685834775727
num__missingindicator_DAYS_EMPLOYED,0.13747685834775727
num__PREV_HAS_INTEREST_RATE_MEAN,0.1343771768292262
cat__ORGANIZATION_TYPE_Trade__type_1,0.13357057327701718
cat__ORGANIZATION_TYPE_Culture,0.1332586525038159
cat__ORGANIZATION_TYPE_Religion,-0.1319249780197221
num__FLAG_DOCUMENT_10,-0.13175750033445663
num__missingindicator_BUREAU_DEBT_CREDIT_RATIO,0.1283928590697511
num__PREV_DAYS_DECISION_MEAN,0.1279043690152679
num__POS_POS_IS_SEVERE_LATE_SUM,-0.1269955619442643
num__FLAG_DOCUMENT_11,-0.12523064284524116
num__CLIENT_INST_SK_ID_PREV_COUNT,-0.12280652865158566
cat__OCCUPATION_TYPE_missing,-0.12102373166571692
cat__missingindicator_OCCUPATION_TYPE_True,-0.12102373166571692
num__LANDAREA_MEDI,0.12086133609900848
num__REG_REGION_NOT_WORK_REGION,0.12021776920633236
num__APARTMENTS_MEDI,0.11896780142571682
cat__ORGANIZATION_TYPE_Business_Entity_Type_3,0.11868653537817063
num__CLIENT_INST_LOAN_NUM_INSTALMENT_VERSION_NUNIQUE_SUM,-0.11742115594296752
cat__NAME_EDUCATION_TYPE_Incomplete_higher,0.11468315513722452
cat__NAME_TYPE_SUITE_Other_A,-0.11370443974861327
num__DAYS_EMPLOYED,0.11295707618892611
num__FLAG_DOCUMENT_19,-0.11287200615653734
num__missingindicator_PREV_CNT_PAYMENT_MAX,0.11282822712275248
num__missingindicator_PREV_CNT_PAYMENT_MEAN,0.11282822712275248
cat__ORGANIZATION_TYPE_Postal,0.11048921069814238
cat__ORGANIZATION_TYPE_Transport__type_4,0.10885316248298954
cat__OCCUPATION_TYPE_Drivers,0.10854356567066512
cat__WEEKDAY_APPR_PROCESS_START_SUNDAY,-0.10822626630603914
num__PREV_PREV_IS_REFUSED_MEAN,0.10784588303391408
num__PREV_CNT_PAYMENT_MEAN,0.10746676712380512
cat__OCCUPATION_TYPE_Core_staff,-0.10728378573800398
num__POS_MONTHS_BALANCE_MAX,-0.1058276273263144
cat__ORGANIZATION_TYPE_Agriculture,0.10477440571037323
cat__missingindicator_NAME_TYPE_SUITE_False,-0.10396323739989004
cat__ORGANIZATION_TYPE_Business_Entity_Type_2,0.10358061580592828
num__missingindicator_ELEVATORS_MEDI,-0.10199976894335452
num__COMMONAREA_MEDI,-0.09963088875270064
cat__OCCUPATION_TYPE_Private_service_staff,-0.0978831053907314
cat__NAME_TYPE_SUITE_Other_B,0.09774600282900367
cat__ORGANIZATION_TYPE_Industry__type_13,0.09767674412057151
cat__CODE_GENDER_XNA,-0.09729092181422949
cat__ORGANIZATION_TYPE_Security,0.09650228577128032
num__missingindicator_CNT_FAM_MEMBERS,-0.09558488533267737
cat__NAME_FAMILY_STATUS_Unknown,-0.09558488533267737
num__DEF_30_CNT_SOCIAL_CIRCLE,0.09536079277514332
num__DEF_60_CNT_SOCIAL_CIRCLE,0.0936566657060139
num__PREV_PREV_IS_APPROVED_SUM,-0.09340192707578344
num__missingindicator_YEARS_BUILD_MEDI,0.09218680723416847
cat__ORGANIZATION_TYPE_Industry__type_2,-0.09162059495145716
cat__ORGANIZATION_TYPE_Cleaning,0.0905779472809081
num__PREV_AMT_CREDIT_MEAN,-0.09022524505146017
num__BUREAU_RECENT_LOAN_FLAG_SUM,0.08882921960559406
num__missingindicator_FLOORSMAX_MEDI,0.0880485368299801
num__POS_MONTHS_BALANCE_MIN,0.08454452134945739
cat__WEEKDAY_APPR_PROCESS_START_MONDAY,-0.08438165865942558
num__PREV_NFLAG_INSURED_ON_APPROVAL_SUM,0.08433288668209875
cat__ORGANIZATION_TYPE_Trade__type_7,0.08234301646835566
num__PREV_AREA_WAS_NEGATIVE_MEAN,-0.08199970427118691
cat__ORGANIZATION_TYPE_Electricity,-0.08099217322576265
num__REGION_RATING_CLIENT,-0.0808074880099792
num__BUREAU_DAYS_CREDIT_MEAN,0.0804552553455776
cat__WEEKDAY_APPR_PROCESS_START_SATURDAY,-0.08042891471160066
cat__NAME_EDUCATION_TYPE_Higher_education,0.07903625125595738
num__PREV_YIELD_HIGH_MEAN,0.07836872083775719
num__PREV_HAS_DOWN_PAYMENT_MEAN,-0.07774967764819776
num__FLOORSMIN_MEDI,0.07666124179170763
cat__OCCUPATION_TYPE_Secretaries,0.07645336291826685
num__BUREAU_DAYS_CREDIT_MIN,-0.07631139271750907
num__DAYS_ID_PUBLISH,0.07548869683882274
cat__OCCUPATION_TYPE_Realty_agents,-0.07308207530469733
cat__NAME_FAMILY_STATUS_Widow,-0.0724442305712587
num__missingindicator_LIVINGAREA_MEDI,-0.07116225152653666
num__missingindicator_FLOORSMIN_MEDI,-0.07001799393739304
cat__NAME_HOUSING_TYPE_Rented_apartment,0.06988400224443653
num__REG_CITY_NOT_WORK_CITY,-0.0697081298413694
cat__NAME_TYPE_SUITE_Children,0.06951357179762105
cat__OCCUPATION_TYPE_Waiters/barmen_staff,0.06915183935715091
num__missingindicator_CLIENT_INST_LOAN_PAYMENT_FRACTION_MIN_MIN,-0.06654957601046727
cat__OCCUPATION_TYPE_High_skill_tech_staff,-0.06630115111419656
num__CLIENT_CARD_CC_ATM_DRAWING_RATIO_MAX_MAX,-0.06597043267553483
num__missingindicator_POS_SK_DPD_DEF_MAX,-0.06373966805035843
num__missingindicator_POS_MONTHS_BALANCE_MIN,-0.06373966805035843
num__missingindicator_POS_MONTHS_BALANCE_SIZE,-0.06373966805035843
num__missingindicator_POS_POS_IS_SEVERE_LATE_SUM,-0.06373966805035843
num__missingindicator_POS_MONTHS_BALANCE_MAX,-0.06373966805035843
num__missingindicator_POS_POS_IS_ACTIVE_SUM,-0.06373966805035843
num__missingindicator_POS_SK_DPD_DEF_MEAN,-0.06373966805035843
num__missingindicator_POS_POS_IS_COMPLETED_SUM,-0.06373966805035843
num__missingindicator_POS_POS_IS_LATE_SUM,-0.06373966805035843
num__missingindicator_POS_POS_IS_LATE_MEAN,-0.06373966805035843
cat__NAME_TYPE_SUITE_Group_of_people,-0.06105132967015275
cat__CODE_GENDER_M,0.06094512746156737
num__FLAG_PHONE,-0.060862394367075544
cat__NAME_HOUSING_TYPE_With_parents,-0.060676046045487764
cat__NAME_HOUSING_TYPE_House_/_apartment,-0.060210198460927046
num__PREV_AMT_CREDIT_MAX,0.059975335923358714
cat__NAME_HOUSING_TYPE_Co-op_apartment,-0.059093766619495426
num__BUREAU_DAYS_CREDIT_MAX,-0.05875495771884037
num__PREV_NFLAG_INSURED_ON_APPROVAL_MEAN,-0.05844582954705347
cat__ORGANIZATION_TYPE_Industry__type_7,-0.058246863736681004
cat__NAME_TYPE_SUITE_Spouse__partner,-0.05637116447256021
num__PREV_PREV_IS_APPROVED_MEAN,0.05583027111189863
num__DAYS_LAST_PHONE_CHANGE,0.055770027056330225
num__CLIENT_INST_LOAN_IS_LATE_SUM_SUM,0.05452273644868467
num__LIVE_CITY_NOT_WORK_CITY,0.05435109549783491
cat__ORGANIZATION_TYPE_Industry__type_11,0.0526027223975999
cat__ORGANIZATION_TYPE_Transport__type_2,0.052010222498662106
num__DAYS_REGISTRATION,0.051566773973207754
num__DAYS_BIRTH,0.0510406495457774
cat__OCCUPATION_TYPE_Medicine_staff,-0.049827947545052785
cat__ORGANIZATION_TYPE_Emergency,-0.0497178134753844
cat__NAME_INCOME_TYPE_Maternity_leave,-0.04967443894559797
cat__NAME_CONTRACT_TYPE_Revolving_loans,-0.04852109999886762
num__missingindicator_LIVINGAPARTMENTS_MEDI,0.04819850013336562
num__PREV_CNT_PAYMENT_MAX,0.04783056623990139
num__AMT_REQ_CREDIT_BUREAU_QRT,-0.04773360499202824
num__missingindicator_DAYS_LAST_PHONE_CHANGE,-0.045175359345662025
num__FLAG_MOBIL,0.045175359345662025
cat__OCCUPATION_TYPE_Cooking_staff,0.0430659695471058
num__missingindicator_BUREAU_AMT_CREDIT_SUM_MEAN,-0.04218822299411779
num__REGION_POPULATION_RELATIVE,0.04137767339384708
cat__NAME_HOUSING_TYPE_Municipal_apartment,0.041048176979660074
cat__OCCUPATION_TYPE_Managers,-0.040924230003091026
num__AMT_REQ_CREDIT_BUREAU_WEEK,-0.03863799499641028
num__missingindicator_NONLIVINGAREA_MEDI,0.0367936558078466
num__missingindicator_PREV_AMT_CREDIT_MEAN,0.0367314873672594
num__missingindicator_PREV_DAYS_DECISION_MEAN,0.0367314873672594
num__missingindicator_PREV_AMT_CREDIT_MIN,0.0367314873672594
num__missingindicator_PREV_HAS_INTEREST_RATE_MEAN,0.0367314873672594
num__missingindicator_PREV_HAS_DOWN_PAYMENT_MEAN,0.0367314873672594
num__missingindicator_PREV_HAS_DISBURSEMENT_INFO_MEAN,0.0367314873672594
num__missingindicator_PREV_AREA_WAS_NEGATIVE_MEAN,0.0367314873672594
num__missingindicator_PREV_AMT_APPLICATION_MIN,0.0367314873672594
num__missingindicator_PREV_NFLAG_INSURED_ON_APPROVAL_SUM,0.0367314873672594
num__missingindicator_PREV_SK_ID_PREV_COUNT,0.0367314873672594
num__missingindicator_PREV_AMT_CREDIT_MAX,0.0367314873672594
num__missingindicator_PREV_DAYS_DECISION_MIN,0.0367314873672594
num__missingindicator_PREV_DAYS_DECISION_MAX,0.0367314873672594
num__missingindicator_PREV_AMT_APPLICATION_MAX,0.0367314873672594
num__missingindicator_PREV_YIELD_HIGH_MEAN,0.0367314873672594
num__missingindicator_PREV_YIELD_HIGH_SUM,0.0367314873672594
num__missingindicator_PREV_PREV_IS_CANCELED_MEAN,0.0367314873672594
num__missingindicator_PREV_PREV_IS_CANCELED_SUM,0.0367314873672594
num__missingindicator_PREV_PREV_IS_REFUSED_MEAN,0.0367314873672594
num__missingindicator_PREV_PREV_IS_REFUSED_SUM,0.0367314873672594
num__missingindicator_PREV_PREV_IS_APPROVED_MEAN,0.0367314873672594
num__missingindicator_PREV_PREV_IS_APPROVED_SUM,0.0367314873672594
num__missingindicator_PREV_AMT_APPLICATION_MEAN,0.0367314873672594
num__BUREAU_DAYS_CREDIT_ENDDATE_MEAN,0.035349803238234875
cat__NAME_FAMILY_STATUS_Separated,0.034008444409094105
num__missingindicator_CLIENT_CARD_CC_ATM_DRAWING_RATIO_MAX_MAX,-0.03314118292823522
num__missingindicator_CLIENT_CARD_CC_UTILIZATION_MEAN_MEAN,-0.03314118292823522
num__missingindicator_CLIENT_CARD_CC_UTILIZATION_MAX_MAX,-0.03314118292823522
num__CLIENT_CARD_CC_IS_SEVERE_LATE_SUM_SUM,0.032944529021531374
cat__ORGANIZATION_TYPE_Housing,-0.03183960443821395
cat__FLAG_OWN_CAR_N,-0.031730772340827496
num__AMT_REQ_CREDIT_BUREAU_YEAR,-0.03114011479068267
num__BUREAU_BUREAU_BAL_STATUS_UNKNOWN_MEAN_SUM,0.030694628238225035
cat__WEEKDAY_APPR_PROCESS_START_THURSDAY,-0.030104527018998344
num__FLAG_EMAIL,-0.028336616238771373
cat__OCCUPATION_TYPE_Laborers,0.027870127078718932
num__POS_POS_IS_LATE_SUM,-0.027814324156955676
num__BUREAU_AMT_CREDIT_SUM_SUM,0.02745120680728369
num__missingindicator_CLIENT_SK_ID_PREV_COUNT,-0.026567309894013066
num__missingindicator_CLIENT_CARD_CC_IS_LATE_SUM_SUM,-0.026567309894013066
num__missingindicator_CLIENT_CARD_CC_IS_SEVERE_LATE_SUM_SUM,-0.026567309894013066
num__missingindicator_CLIENT_CARD_AMT_DRAWINGS_ATM_CURRENT_WAS_MISSING_SUM_SUM,-0.026567309894013066
num__missingindicator_CLIENT_CARD_MONTHS_BALANCE_SIZE_SUM,-0.026567309894013066
cat__OCCUPATION_TYPE_Cleaning_staff,0.026249315187260376
num__CNT_FAM_MEMBERS,0.025751570037844205
num__PREV_AMT_DOWN_PAYMENT_MEAN,-0.025259279780648725
num__BUREAU_BUREAU_BAL_MONTHS_BALANCE_MIN_SUM,-0.024074276931229936
num__missingindicator_CLIENT_INST_LOAN_IS_SEVERE_LATE_SUM_SUM,0.024004620590055713
num__missingindicator_CLIENT_INST_LOAN_IS_MISSED_PAYMENT_SUM_SUM,0.024004620590055713
num__missingindicator_CLIENT_INST_LOAN_IS_UNDERPAID_SUM_SUM,0.024004620590055713
num__missingindicator_CLIENT_INST_LOAN_PAYMENT_DELAY_MAX_MAX,0.024004620590055713
num__missingindicator_CLIENT_INST_LOAN_IS_LATE_SUM_SUM,0.024004620590055713
num__missingindicator_CLIENT_INST_LOAN_PAYMENT_DELAY_MEAN_MEAN,0.024004620590055713
num__missingindicator_CLIENT_INST_LOAN_NUM_INSTALMENT_VERSION_NUNIQUE_SUM,0.024004620590055713
num__missingindicator_CLIENT_INST_SK_ID_PREV_COUNT,0.024004620590055713
cat__ORGANIZATION_TYPE_University,-0.023950794046534718
cat__NAME_TYPE_SUITE_Unaccompanied,-0.023903782040678834
num__PREV_AMT_DOWN_PAYMENT_MAX,0.023641843605015585
cat__OCCUPATION_TYPE_Security_staff,0.02327274197558147
num__BUREAU_AMT_CREDIT_SUM_MEAN,-0.02319460657325877
num__CLIENT_CARD_CC_IS_LATE_SUM_SUM,-0.023175686090846415
cat__ORGANIZATION_TYPE_Industry__type_10,-0.022846691729267097
cat__ORGANIZATION_TYPE_Business_Entity_Type_1,0.022549745546089045
num__BUREAU_BUREAU_BAL_MONTHS_BALANCE_SIZE_SUM,-0.02094518098762834
num__PREV_AMT_APPLICATION_MAX,-0.02036903740112266
num__missingindicator_YEARS_BEGINEXPLUATATION_MEDI,0.019067254423566538
num__PREV_AMT_APPLICATION_MEAN,-0.018103958864136377
num__AMT_REQ_CREDIT_BUREAU_MON,-0.01785536953368644
num__missingindicator_DEF_60_CNT_SOCIAL_CIRCLE,-0.017633684206620162
num__missingindicator_OBS_30_CNT_SOCIAL_CIRCLE,-0.017633684206620162
num__missingindicator_OBS_60_CNT_SOCIAL_CIRCLE,-0.017633684206620162
num__missingindicator_DEF_30_CNT_SOCIAL_CIRCLE,-0.017633684206620162
num__missingindicator_PREV_SELLERPLACE_AREA_MEDIAN,-0.017453789049277312
num__missingindicator_PREV_SELLERPLACE_AREA_MAX,-0.017453789049277312
num__BUREAU_BUREAU_BAL_STATUS_SEVERE_DPD_MAX_SUM,0.017258733442299466
num__BUREAU_IS_OPEN_ENDED_CREDIT_SUM,0.016912889927067763
num__BUREAU_SK_ID_BUREAU_COUNT,0.016760903668439905
num__BUREAU_BUREAU_BAL_STATUS_UNKNOWN_MEAN_MEAN,-0.01627171434140402
cat__NAME_TYPE_SUITE_Family,-0.01619209609495961
num__missingindicator_ENTRANCES_MEDI,-0.016117739549253995
cat__NAME_FAMILY_STATUS_Civil_marriage,-0.01590515891354713
num__BUREAU_IS_OPEN_ENDED_CREDIT_MAX,0.015872241628229127
num__BUREAU_DAYS_CREDIT_ENDDATE_MAX,-0.015365089971080112
num__missingindicator_LANDAREA_MEDI,-0.015293680984564042
num__NONLIVINGAREA_MEDI,0.014932632960046615
num__PREV_APPLICATION_CREDIT_RATIO_MAX,-0.014847927387770212
num__PREV_DAYS_DECISION_MIN,0.014016710751522762
cat__WEEKDAY_APPR_PROCESS_START_FRIDAY,-0.013818748305175889
cat__NAME_FAMILY_STATUS_Single_/_not_married,0.013750486826093516
num__PREV_PREV_IS_REFUSED_SUM,0.012590822983715633
cat__OCCUPATION_TYPE_HR_staff,-0.012563925725680342
cat__OCCUPATION_TYPE_Sales_staff,0.012125785107282704
num__missingindicator_PREV_NFLAG_INSURED_ON_APPROVAL_MEAN,0.011604336132518817
num__CLIENT_INST_LOAN_IS_SEVERE_LATE_SUM_SUM,0.011175618405396484
num__PREV_APPLICATION_CREDIT_RATIO_MEAN,-0.011074495230841912
num__FLAG_DOCUMENT_12,-0.010810703399956451
num__BUREAU_BUREAU_BAL_MONTHS_BALANCE_SIZE_MEAN,-0.009342043221362535
num__missingindicator_PREV_AMT_DOWN_PAYMENT_MAX,-0.00908638886346261
num__missingindicator_PREV_AMT_DOWN_PAYMENT_MEAN,-0.00908638886346261
num__PREV_AMT_APPLICATION_MIN,-0.008865279460358077
num__CLIENT_CARD_AMT_DRAWINGS_ATM_CURRENT_WAS_MISSING_SUM_SUM,0.008738867926402489
num__PREV_PREV_IS_CANCELED_MEAN,-0.008681852634067882
cat__ORGANIZATION_TYPE_Kindergarten,-0.008243264621558423
num__PREV_DAYS_DECISION_MAX,-0.00781330467563332
cat__ORGANIZATION_TYPE_Other,0.007793523753843623
num__POS_POS_IS_COMPLETED_SUM,-0.007536595412511807
num__BUREAU_BUREAU_BAL_STATUS_NUMERIC_MEAN_SUM,0.007510615308760417
num__AMT_REQ_CREDIT_BUREAU_HOUR,-0.007434398876698834
num__HOUR_APPR_PROCESS_START,-0.007157593552115073
num__PREV_YIELD_HIGH_SUM,0.007142746331556685
num__CLIENT_INST_LOAN_PAYMENT_DELAY_MEAN_MEAN,0.006911261027010339
num__BUREAU_BUREAU_BAL_MONTHS_BALANCE_MIN_MEAN,-0.006809899161359009
cat__ORGANIZATION_TYPE_Medicine,0.006736462293627447
num__missingindicator_APARTMENTS_MEDI,0.006355136428400275
num__BUREAU_BUREAU_BAL_STATUS_NUMERIC_MAX_SUM,-0.006204020357699098
num__OWN_CAR_AGE,0.006120799374084747
num__BUREAU_BUREAU_BAL_STATUS_CLOSED_SUM_MEAN,0.0058915158597165635
num__BUREAU_BUREAU_BAL_STATUS_SEVERE_DPD_SUM_SUM,-0.005181411759005676
num__POS_SK_DPD_DEF_MAX,0.005075992335224547
num__missingindicator_BASEMENTAREA_MEDI,0.005023624209457069
num__CLIENT_CARD_MONTHS_BALANCE_SIZE_SUM,-0.0046830630478215274
num__PREV_SK_ID_PREV_COUNT,0.004669165431170384
num__BUREAU_BUREAU_BAL_STATUS_SEVERE_DPD_SUM_MEAN,-0.004578744735119167
num__BUREAU_BUREAU_BAL_MONTHS_BALANCE_MAX_MEAN,0.004488324708489685
cat__ORGANIZATION_TYPE_Services,-0.004480438255344536
num__BUREAU_AMT_CREDIT_SUM_DEBT_MEAN,-0.004417480036478473
num__missingindicator_BUREAU_BUREAU_BAL_STATUS_UNKNOWN_MEAN_MEAN,0.003931479445807855
num__missingindicator_BUREAU_BUREAU_BAL_MONTHS_BALANCE_MAX_MEAN,0.003931479445807855
num__missingindicator_BUREAU_BUREAU_BAL_MONTHS_BALANCE_SIZE_MEAN,0.003931479445807855
num__missingindicator_BUREAU_BUREAU_BAL_STATUS_NUMERIC_MEAN_MEAN,0.003931479445807855
num__missingindicator_BUREAU_BUREAU_BAL_STATUS_NUMERIC_MAX_MEAN,0.003931479445807855
num__missingindicator_BUREAU_BUREAU_BAL_MONTHS_BALANCE_MIN_MEAN,0.003931479445807855
num__missingindicator_BUREAU_BUREAU_BAL_STATUS_SEVERE_DPD_MAX_MEAN,0.003931479445807855
num__missingindicator_BUREAU_BUREAU_BAL_STATUS_CLOSED_SUM_MEAN,0.003931479445807855
num__missingindicator_BUREAU_BUREAU_BAL_STATUS_SEVERE_DPD_SUM_MEAN,0.003931479445807855
num__missingindicator_BUREAU_DAYS_CREDIT_ENDDATE_MAX,-0.0038852962809979253
num__missingindicator_BUREAU_DAYS_CREDIT_ENDDATE_MEAN,-0.0038852962809979253
cat__WEEKDAY_APPR_PROCESS_START_WEDNESDAY,0.0036524056662402865
num__BUREAU_AMT_CREDIT_SUM_DEBT_SUM,-0.003424951223790675
num__PREV_PREV_IS_CANCELED_SUM,0.0033892769278384698
cat__ORGANIZATION_TYPE_Government,0.0033227622576267003
num__BUREAU_ACTIVE_DEBT_RATIO,0.002908288819613301
cat__WEEKDAY_APPR_PROCESS_START_TUESDAY,0.002884594413239532
num__missingindicator_EXT_SOURCE_3,0.0027526692897154024
num__PREV_AMT_CREDIT_MIN,0.002731710040713821
num__missingindicator_BUREAU_IS_OPEN_ENDED_CREDIT_MAX,0.0020455189156230176
num__missingindicator_BUREAU_BUREAU_BAL_STATUS_NUMERIC_MEAN_SUM,0.0020455189156230176
num__missingindicator_BUREAU_RECENT_LOAN_FLAG_SUM,0.0020455189156230176
num__missingindicator_BUREAU_BUREAU_BAL_STATUS_NUMERIC_MAX_SUM,0.0020455189156230176
num__missingindicator_BUREAU_DAYS_CREDIT_MEAN,0.0020455189156230176
num__missingindicator_BUREAU_DAYS_CREDIT_MIN,0.0020455189156230176
num__missingindicator_BUREAU_DAYS_CREDIT_MAX,0.0020455189156230176
num__missingindicator_BUREAU_AMT_CREDIT_SUM_SUM,0.0020455189156230176
num__missingindicator_BUREAU_AMT_CREDIT_SUM_DEBT_SUM,0.0020455189156230176
num__missingindicator_BUREAU_IS_OPEN_ENDED_CREDIT_SUM,0.0020455189156230176
num__missingindicator_BUREAU_SK_ID_BUREAU_COUNT,0.0020455189156230176
num__missingindicator_BUREAU_HAS_BEEN_OVERDUE_MAX,0.0020455189156230176
num__missingindicator_BUREAU_BUREAU_BAL_MONTHS_BALANCE_MIN_SUM,0.0020455189156230176
num__missingindicator_BUREAU_BUREAU_BAL_MONTHS_BALANCE_MAX_SUM,0.0020455189156230176
num__missingindicator_BUREAU_BUREAU_BAL_MONTHS_BALANCE_SIZE_SUM,0.0020455189156230176
num__missingindicator_BUREAU_BUREAU_BAL_STATUS_CLOSED_SUM_SUM,0.0020455189156230176
num__missingindicator_BUREAU_BUREAU_BAL_STATUS_UNKNOWN_MEAN_SUM,0.0020455189156230176
num__missingindicator_BUREAU_BUREAU_BAL_STATUS_SEVERE_DPD_SUM_SUM,0.0020455189156230176
num__missingindicator_BUREAU_BUREAU_BAL_STATUS_SEVERE_DPD_MAX_SUM,0.0020455189156230176
num__POS_SK_DPD_DEF_MEAN,-0.00198566846964582
num__CLIENT_INST_LOAN_PAYMENT_DELAY_MAX_MAX,0.0016500001528233963
num__missingindicator_AMT_REQ_CREDIT_BUREAU_WEEK,0.0014871994055855352
num__missingindicator_AMT_REQ_CREDIT_BUREAU_HOUR,0.0014871994055855352
num__missingindicator_AMT_REQ_CREDIT_BUREAU_DAY,0.0014871994055855352
num__missingindicator_AMT_REQ_CREDIT_BUREAU_MON,0.0014871994055855352
num__missingindicator_AMT_REQ_CREDIT_BUREAU_QRT,0.0014871994055855352
num__missingindicator_AMT_REQ_CREDIT_BUREAU_YEAR,0.0014871994055855352
num__missingindicator_COMMONAREA_MEDI,0.001382446216655185
num__CNT_CHILDREN,0.0010662707025380488
num__PREV_SELLERPLACE_AREA_MAX,-0.0010484606060320663
num__missingindicator_OWN_CAR_AGE,0.0009915800252807768
num__missingindicator_NONLIVINGAPARTMENTS_MEDI,0.0007450383614105509
num__AMT_INCOME_TOTAL,0.0006803176758161657
num__BUREAU_BUREAU_BAL_MONTHS_BALANCE_MAX_SUM,0.0005921367120267088
num__BUREAU_BUREAU_BAL_STATUS_CLOSED_SUM_SUM,-0.00043597247366705135
num__PREV_SELLERPLACE_AREA_MEDIAN,0.0002487681544852425
num__CLIENT_INST_LOAN_IS_UNDERPAID_SUM_SUM,0.00018687276613768713
num__YEARS_BEGINEXPLUATATION_MEDI,-0.00012284324642240592
